report_id,source,date,narrative,severity_raw,severity_normalized,industry,location,injury_type,source_of_injury,naics_sic,language
syn_0000,synthetic,2024-11-24,Near miss: pump nearly struck worker during cable laying at Duliajan Field. permit to work was not used. No injury occurred but potential for serious harm was identified.,synthetic_near_miss,near_miss,oil_gas,Geleki Field,,,211,en
syn_0001,synthetic,2024-04-17,Near miss: forklift nearly struck worker during wireline logging at Rudrasagar Field. barricade was missing. No injury occurred but potential for serious harm was identified.,synthetic_near_miss,near_miss,oil_gas,Rudrasagar Field,,,211,en
syn_0002,synthetic,2024-10-09,"During tank cleaning at Geleki Field, worker observed electrical panel was not used. No fire suppression system was in place. Work stopped immediately and reported to supervisor.",synthetic_near_miss,no_injury,oil_gas,Duliajan Field,,,211,en
syn_0003,synthetic,2024-06-04,Unsafe condition reported at Baghjan Well: exclusion zone found not used near wireline logging area. drill string left unsecured. Corrective action taken on site.,synthetic_near_miss,near_miss,oil_gas,Moran Field,,,211,en
syn_0004,synthetic,2024-09-04,UC report: exclusion zone found missing at Moran Field during routine inspection. lifting sling operating without proper safeguards during cementing job.,synthetic_near_miss,no_injury,oil_gas,Jorhat Workshop,,,211,en
syn_0005,synthetic,2024-12-03,Near miss: hose nearly struck worker during pump maintenance at Geleki Field. pressure relief valve was damaged. No injury occurred but potential for serious harm was identified.,synthetic_near_miss,near_miss,oil_gas,Duliajan Field,,,211,en
syn_0006,synthetic,2024-08-21,UA observation: Worker performing crane lifting without fire watch at Numaligarh Refinery. pump positioned incorrectly. Supervisor intervened before any incident.,synthetic_near_miss,near_miss,oil_gas,Tengakhat OCS,,,211,en
syn_0007,synthetic,2024-10-21,Unsafe condition reported at Tengakhat OCS: exclusion zone found removed near cementing job area. valve left unsecured. Corrective action taken on site.,synthetic_near_miss,near_miss,oil_gas,Naharkatiya Field,,,211,en
syn_0008,synthetic,2024-11-23,Near miss at Baghjan Well: pipe dropped from height during valve replacement. ventilation fan was expired. Fell into exclusion zone — no personnel present. Potential fatality averted.,synthetic_near_miss,near_miss,oil_gas,Geleki Field,,,211,en
syn_0009,synthetic,2024-07-09,UA observation: Worker performing rig floor operation without permit to work at Lakwa Field. forklift positioned incorrectly. Supervisor intervened before any incident.,synthetic_near_miss,near_miss,oil_gas,Moran Field,,,211,en
syn_0010,synthetic,2024-03-09,UA observation: Worker performing rig floor operation without buddy system at Rudrasagar Field. valve positioned incorrectly. Supervisor intervened before any incident.,synthetic_near_miss,no_injury,oil_gas,Naharkatiya Field,,,211,en
syn_0011,synthetic,2024-07-19,UA observation: Worker performing compressor overhaul without exclusion zone at Baghjan Well. electrical panel positioned incorrectly. Supervisor intervened before any incident.,synthetic_near_miss,minor,oil_gas,Jorhat Workshop,,,211,en
syn_0012,synthetic,2024-02-05,"Observation: During hot tapping near Digboi Refinery, two workers found under suspended gas cylinder without buddy system. Line of fire violation. Work halted.",synthetic_near_miss,near_miss,oil_gas,Lakwa Field,,,211,en
syn_0013,synthetic,2024-10-15,Unsafe condition reported at Lakwa Field: LOTO lock found expired near wireline logging area. hose left unsecured. Corrective action taken on site.,synthetic_near_miss,no_injury,oil_gas,Geleki Field,,,211,en
syn_0014,synthetic,2024-02-10,"While conducting drilling operation at Geleki Field, a grinding machine malfunctioned. exclusion zone was removed. Workers evacuated area. No injuries but high potential severity.",synthetic_near_miss,near_miss,oil_gas,Jorhat Workshop,,,211,en
syn_0015,synthetic,2024-11-10,Unsafe condition reported at Nazira OCS: safety net found damaged near drilling operation area. compressor left unsecured. Corrective action taken on site.,synthetic_near_miss,near_miss,oil_gas,Lakwa Field,,,211,en
syn_0016,synthetic,2024-09-01,Near miss at Rudrasagar Field: scaffolding dropped from height during tank cleaning. pressure relief valve was not used. Fell into exclusion zone — no personnel present. Potential fatality averted.,synthetic_near_miss,minor,oil_gas,Rudrasagar Field,,,211,en
syn_0017,synthetic,2024-01-08,"Observation: During drilling operation near Nazira OCS, two workers found under suspended grinding machine without pressure relief valve. Line of fire violation. Work halted.",synthetic_near_miss,near_miss,oil_gas,Rudrasagar Field,,,211,en
syn_0018,synthetic,2024-09-06,Near miss: welding machine nearly struck worker during BOP testing at Moran Field. gas detector was not used. No injury occurred but potential for serious harm was identified.,synthetic_near_miss,no_injury,oil_gas,Numaligarh Refinery,,,211,en
syn_0019,synthetic,2024-07-22,Near miss at Rudrasagar Field: valve dropped from height during wireline logging. guardrail was removed. Fell into exclusion zone — no personnel present. Potential fatality averted.,synthetic_near_miss,near_miss,oil_gas,Lakwa Field,,,211,en
syn_0020,synthetic,2024-02-11,"Observation: During gas flaring near Nazira OCS, two workers found under suspended fire extinguisher without fire watch. Line of fire violation. Work halted.",synthetic_near_miss,near_miss,oil_gas,Duliajan Field,,,211,en
syn_0021,synthetic,2024-12-21,Worker reported unsafe act at Geleki Field: colleague bypassed permit to work during valve replacement to save time. generator in use without proper isolation.,synthetic_near_miss,near_miss,oil_gas,Duliajan Field,,,211,en
syn_0022,synthetic,2024-05-22,UA observation: Worker performing workover without LOTO lock at Moran Field. drill string positioned incorrectly. Supervisor intervened before any incident.,synthetic_near_miss,near_miss,oil_gas,Nazira OCS,,,211,en
syn_0023,synthetic,2024-07-07,UA observation: Worker performing hot tapping without buddy system at Geleki Field. generator positioned incorrectly. Supervisor intervened before any incident.,synthetic_near_miss,no_injury,oil_gas,Moran Field,,,211,en
syn_0024,synthetic,2024-12-02,Near miss: lifting sling nearly struck worker during wireline logging at Lakwa Field. fire suppression system was expired. No injury occurred but potential for serious harm was identified.,synthetic_near_miss,no_injury,oil_gas,Lakwa Field,,,211,en
syn_0025,synthetic,2024-04-18,Near miss: drill string nearly struck worker during perforation at Duliajan Field. fire watch was not used. No injury occurred but potential for serious harm was identified.,synthetic_near_miss,near_miss,oil_gas,Nazira OCS,,,211,en
syn_0026,synthetic,2024-08-26,Unsafe condition reported at Jorhat Workshop: ventilation fan found not used near scaffolding erection area. compressor left unsecured. Corrective action taken on site.,synthetic_near_miss,near_miss,oil_gas,Geleki Field,,,211,en
syn_0027,synthetic,2024-07-16,Near miss: crane nearly struck worker during compressor overhaul at Duliajan Field. LOTO lock was not used. No injury occurred but potential for serious harm was identified.,synthetic_near_miss,near_miss,oil_gas,Nazira OCS,,,211,en
syn_0028,synthetic,2024-05-26,UA observation: Worker performing workover without grounding cable at Jorhat Workshop. pipe positioned incorrectly. Supervisor intervened before any incident.,synthetic_near_miss,no_injury,oil_gas,Nazira OCS,,,211,en
syn_0029,synthetic,2024-04-02,"While conducting compressor overhaul at Jorhat Workshop, a pressure gauge malfunctioned. gas detector was not used. Workers evacuated area. No injuries but high potential severity.",synthetic_near_miss,near_miss,oil_gas,Rudrasagar Field,,,211,en
syn_0030,synthetic,2024-09-28,Near miss at Duliajan Field: forklift dropped from height during rig floor operation. safety harness was damaged. Fell into exclusion zone — no personnel present. Potential fatality averted.,synthetic_near_miss,no_injury,oil_gas,Geleki Field,,,211,en
syn_0031,synthetic,2024-02-22,Unsafe condition reported at Duliajan Field: safety net found missing near gas flaring area. welding machine left unsecured. Corrective action taken on site.,synthetic_near_miss,minor,oil_gas,Digboi Refinery,,,211,en
syn_0032,synthetic,2024-07-22,UC report: safety harness found damaged at Moran Field during routine inspection. pump operating without proper safeguards during pig launching.,synthetic_near_miss,near_miss,oil_gas,Rudrasagar Field,,,211,en
syn_0033,synthetic,2024-04-09,Worker reported unsafe act at Geleki Field: colleague bypassed guardrail during rig floor operation to save time. compressor in use without proper isolation.,synthetic_near_miss,near_miss,oil_gas,Jorhat Workshop,,,211,en
syn_0034,synthetic,2024-08-20,Unsafe condition reported at Lakwa Field: emergency shutdown found missing near pump maintenance area. fire extinguisher left unsecured. Corrective action taken on site.,synthetic_near_miss,near_miss,oil_gas,Rudrasagar Field,,,211,en
syn_0035,synthetic,2024-02-08,Near miss: valve nearly struck worker during compressor overhaul at Moran Field. exclusion zone was not used. No injury occurred but potential for serious harm was identified.,synthetic_near_miss,near_miss,oil_gas,Tengakhat OCS,,,211,en
syn_0036,synthetic,2024-01-22,"While conducting chemical injection at Naharkatiya Field, a electrical panel malfunctioned. PPE was damaged. Workers evacuated area. No injuries but high potential severity.",synthetic_near_miss,minor,oil_gas,Geleki Field,,,211,en
syn_0037,synthetic,2024-12-18,"While conducting pipeline welding at Lakwa Field, a scaffolding malfunctioned. exclusion zone was missing. Workers evacuated area. No injuries but high potential severity.",synthetic_near_miss,near_miss,oil_gas,Naharkatiya Field,,,211,en
syn_0038,synthetic,2024-09-16,"While conducting hydrotesting at Numaligarh Refinery, a valve malfunctioned. emergency shutdown was not used. Workers evacuated area. No injuries but high potential severity.",synthetic_near_miss,near_miss,oil_gas,Numaligarh Refinery,,,211,en
syn_0039,synthetic,2024-03-21,"During wireline logging at Moran Field, worker observed compressor was missing. No safety harness was in place. Work stopped immediately and reported to supervisor.",synthetic_near_miss,near_miss,oil_gas,Numaligarh Refinery,,,211,en
syn_0040,synthetic,2024-02-03,Unsafe condition reported at Baghjan Well: fire suppression system found damaged near chemical injection area. electrical panel left unsecured. Corrective action taken on site.,synthetic_near_miss,near_miss,oil_gas,Baghjan Well,,,211,en
syn_0041,synthetic,2024-01-10,Unsafe condition reported at Geleki Field: gas detector found expired near workover area. lifting sling left unsecured. Corrective action taken on site.,synthetic_near_miss,near_miss,oil_gas,Tengakhat OCS,,,211,en
syn_0042,synthetic,2024-07-20,"During tank cleaning at Tengakhat OCS, worker observed pump was bypassed. No fire watch was in place. Work stopped immediately and reported to supervisor.",synthetic_near_miss,minor,oil_gas,Baghjan Well,,,211,en
syn_0043,synthetic,2024-12-11,Unsafe condition reported at Digboi Refinery: fire suppression system found missing near scaffolding erection area. pipe left unsecured. Corrective action taken on site.,synthetic_near_miss,near_miss,oil_gas,Jorhat Workshop,,,211,en
syn_0044,synthetic,2024-04-07,UA observation: Worker performing scaffolding erection without grounding cable at Numaligarh Refinery. grinding machine positioned incorrectly. Supervisor intervened before any incident.,synthetic_near_miss,no_injury,oil_gas,Nazira OCS,,,211,en
syn_0045,synthetic,2024-07-11,"Observation: During valve replacement near Numaligarh Refinery, two workers found under suspended pump without barricade. Line of fire violation. Work halted.",synthetic_near_miss,near_miss,oil_gas,Numaligarh Refinery,,,211,en
syn_0046,synthetic,2024-06-01,Near miss: gas cylinder nearly struck worker during cementing job at Numaligarh Refinery. grounding cable was removed. No injury occurred but potential for serious harm was identified.,synthetic_near_miss,minor,oil_gas,Moran Field,,,211,en
syn_0047,synthetic,2024-07-12,"While conducting pig launching at Naharkatiya Field, a compressor malfunctioned. safety harness was missing. Workers evacuated area. No injuries but high potential severity.",synthetic_near_miss,minor,oil_gas,Baghjan Well,,,211,en
syn_0048,synthetic,2024-04-09,"Observation: During hydrotesting near Jorhat Workshop, two workers found under suspended gas cylinder without fire watch. Line of fire violation. Work halted.",synthetic_near_miss,minor,oil_gas,Duliajan Field,,,211,en
syn_0049,synthetic,2024-02-22,UC report: guardrail found bypassed at Duliajan Field during routine inspection. electrical panel operating without proper safeguards during gas flaring.,synthetic_near_miss,no_injury,oil_gas,Tengakhat OCS,,,211,en
syn_0050,synthetic,2024-06-13,Tengakhat OCS mein raat ki shift ke dauran pipeline welding ke time BOP stack se gas leak hua. PPE removed tha. Emergency evacuation kiya gaya.,synthetic_hinglish,serious,oil_gas,Baghjan Well,,,211,hinglish
syn_0051,synthetic,2024-11-24,Geleki Field pe hot tapping ke time valve se sparking hui. fire suppression system removed tha. Fire watch nahi tha. Kaam turant band karaya gaya.,synthetic_hinglish,serious,oil_gas,Naharkatiya Field,,,211,hinglish
syn_0052,synthetic,2024-04-14,Rudrasagar Field mein raat ki shift ke dauran pump maintenance ke time H2S detector se gas leak hua. barricade bypassed tha. Emergency evacuation kiya gaya.,synthetic_hinglish,minor,oil_gas,Rudrasagar Field,,,211,hinglish
syn_0053,synthetic,2024-09-16,Lakwa Field mein raat ki shift ke dauran rig floor operation ke time fire extinguisher se gas leak hua. ventilation fan expired tha. Emergency evacuation kiya gaya.,synthetic_hinglish,near_miss,oil_gas,Baghjan Well,,,211,hinglish
syn_0054,synthetic,2024-11-10,Near miss report: Lakwa Field mein BOP stack girte girte bacha. emergency shutdown missing tha. Bahut serious ho sakta tha. PTW check karna zaroori hai.,synthetic_hinglish,near_miss,oil_gas,Digboi Refinery,,,211,hinglish
syn_0055,synthetic,2024-02-15,UA dekha gaya Naharkatiya Field pe — worker bina permit to work ke drilling operation kar raha tha. forklift unsafe position mein tha. Toolbox talk diya gaya.,synthetic_hinglish,no_injury,oil_gas,Jorhat Workshop,,,211,hinglish
syn_0056,synthetic,2024-11-23,Digboi Refinery mein raat ki shift ke dauran perforation ke time pressure gauge se gas leak hua. grounding cable not used tha. Emergency evacuation kiya gaya.,synthetic_hinglish,near_miss,oil_gas,Duliajan Field,,,211,hinglish
syn_0057,synthetic,2024-04-28,"Aaj Jorhat Workshop pe valve replacement ho raha tha, pipe ke paas ventilation fan missing mila. Worker ne kaam rok diya aur safety officer ko inform kiya.",synthetic_hinglish,no_injury,oil_gas,Moran Field,,,211,hinglish
syn_0058,synthetic,2024-12-17,Aaj subah Naharkatiya Field pe inspection mein emergency shutdown expired mila chemical injection area ke pass. gas cylinder chalte hue bhi koi safety arrangement nahi tha.,synthetic_hinglish,no_injury,oil_gas,Jorhat Workshop,,,211,hinglish
syn_0059,synthetic,2024-11-09,Worker ne report kiya ki Nazira OCS pe scaffolding erection mein ventilation fan bypass kiya ja raha hai. pressure gauge ke saath kaam karte waqt ye bahut risky hai.,synthetic_hinglish,near_miss,oil_gas,Geleki Field,,,211,hinglish
syn_0060,synthetic,2024-04-09,Aaj subah Lakwa Field pe inspection mein ventilation fan missing mila valve replacement area ke pass. compressor chalte hue bhi koi safety arrangement nahi tha.,synthetic_hinglish,minor,oil_gas,Tengakhat OCS,,,211,hinglish
syn_0061,synthetic,2024-12-05,Unsafe condition: Geleki Field pe gas detector not used paya gaya. scaffolding bina proper support ke use ho raha tha. crane lifting area mein bahut risk tha.,synthetic_hinglish,serious,oil_gas,Baghjan Well,,,211,hinglish
syn_0062,synthetic,2024-07-02,UA dekha gaya Moran Field pe — worker bina emergency shutdown ke wireline logging kar raha tha. safety harness unsafe position mein tha. Toolbox talk diya gaya.,synthetic_hinglish,serious,oil_gas,Digboi Refinery,,,211,hinglish
syn_0063,synthetic,2024-06-10,pig launching ke dauran Jorhat Workshop mein ek worker ko crane se chot lagte lagte bachi. grounding cable lagaya nahi tha. Bahut close call tha.,synthetic_hinglish,near_miss,oil_gas,Jorhat Workshop,,,211,hinglish
syn_0064,synthetic,2024-05-14,compressor overhaul ke dauran Geleki Field mein ek worker ko hose se chot lagte lagte bachi. permit to work lagaya nahi tha. Bahut close call tha.,synthetic_hinglish,near_miss,oil_gas,Nazira OCS,,,211,hinglish
syn_0065,synthetic,2024-10-18,Jorhat Workshop mein rig floor operation ke dauran H2S detector ka safety net nahi tha. Koi injury nahi hui lekin bahut khatarnak situation thi. Supervisor ko turant bataya.,synthetic_hinglish,near_miss,oil_gas,Duliajan Field,,,211,hinglish
syn_0066,synthetic,2024-03-28,pig launching ke dauran Rudrasagar Field mein ek worker ko crane se chot lagte lagte bachi. LOTO lock lagaya nahi tha. Bahut close call tha.,synthetic_hinglish,serious,oil_gas,Nazira OCS,,,211,hinglish
syn_0067,synthetic,2024-06-11,Near miss report: Duliajan Field mein H2S detector girte girte bacha. emergency shutdown not used tha. Bahut serious ho sakta tha. PTW check karna zaroori hai.,synthetic_hinglish,serious,oil_gas,Jorhat Workshop,,,211,hinglish
syn_0068,synthetic,2024-01-12,Jorhat Workshop pe cable laying ke time welding machine se sparking hui. buddy system missing tha. Fire watch nahi tha. Kaam turant band karaya gaya.,synthetic_hinglish,no_injury,oil_gas,Digboi Refinery,,,211,hinglish
syn_0069,synthetic,2024-10-05,"Aaj Lakwa Field pe workover ho raha tha, crane ke paas permit to work not used mila. Worker ne kaam rok diya aur safety officer ko inform kiya.",synthetic_hinglish,near_miss,oil_gas,Digboi Refinery,,,211,hinglish
syn_0070,synthetic,2024-06-06,Near miss report: Nazira OCS mein generator girte girte bacha. guardrail expired tha. Bahut serious ho sakta tha. PTW check karna zaroori hai.,synthetic_hinglish,minor,oil_gas,Rudrasagar Field,,,211,hinglish
syn_0071,synthetic,2024-01-10,Baghjan Well mein raat ki shift ke dauran pipeline welding ke time pipe se gas leak hua. PPE missing tha. Emergency evacuation kiya gaya.,synthetic_hinglish,no_injury,oil_gas,Rudrasagar Field,,,211,hinglish
syn_0072,synthetic,2024-11-20,tank cleaning ke dauran Jorhat Workshop mein ek worker ko welding machine se chot lagte lagte bachi. permit to work lagaya nahi tha. Bahut close call tha.,synthetic_hinglish,minor,oil_gas,Moran Field,,,211,hinglish
syn_0073,synthetic,2024-02-17,Duliajan Field mein raat ki shift ke dauran cementing job ke time electrical panel se gas leak hua. fire suppression system removed tha. Emergency evacuation kiya gaya.,synthetic_hinglish,minor,oil_gas,Lakwa Field,,,211,hinglish
syn_0074,synthetic,2024-11-27,Unsafe condition: Duliajan Field pe fire watch expired paya gaya. pressure gauge bina proper support ke use ho raha tha. wireline logging area mein bahut risk tha.,synthetic_hinglish,minor,oil_gas,Nazira OCS,,,211,hinglish
syn_0075,synthetic,2024-08-15,Near miss report: Jorhat Workshop mein gas cylinder girte girte bacha. exclusion zone damaged tha. Bahut serious ho sakta tha. PTW check karna zaroori hai.,synthetic_hinglish,no_injury,oil_gas,Jorhat Workshop,,,211,hinglish
syn_0076,synthetic,2024-04-25,Numaligarh Refinery mein raat ki shift ke dauran rig floor operation ke time pump se gas leak hua. LOTO lock bypassed tha. Emergency evacuation kiya gaya.,synthetic_hinglish,serious,oil_gas,Nazira OCS,,,211,hinglish
syn_0077,synthetic,2024-03-16,Rudrasagar Field mein raat ki shift ke dauran perforation ke time drill string se gas leak hua. barricade expired tha. Emergency evacuation kiya gaya.,synthetic_hinglish,minor,oil_gas,Digboi Refinery,,,211,hinglish
syn_0078,synthetic,2024-09-07,Unsafe condition: Numaligarh Refinery pe exclusion zone damaged paya gaya. compressor bina proper support ke use ho raha tha. rig floor operation area mein bahut risk tha.,synthetic_hinglish,near_miss,oil_gas,Moran Field,,,211,hinglish
syn_0079,synthetic,2024-11-23,UA dekha gaya Baghjan Well pe — worker bina permit to work ke wireline logging kar raha tha. pressure gauge unsafe position mein tha. Toolbox talk diya gaya.,synthetic_hinglish,serious,oil_gas,Nazira OCS,,,211,hinglish
syn_0080,synthetic,2024-05-22,Aaj subah Duliajan Field pe inspection mein permit to work expired mila crane lifting area ke pass. BOP stack chalte hue bhi koi safety arrangement nahi tha.,synthetic_hinglish,near_miss,oil_gas,Rudrasagar Field,,,211,hinglish
syn_0081,synthetic,2024-06-12,Unsafe condition: Nazira OCS pe pressure relief valve expired paya gaya. gas cylinder bina proper support ke use ho raha tha. compressor overhaul area mein bahut risk tha.,synthetic_hinglish,no_injury,oil_gas,Baghjan Well,,,211,hinglish
syn_0082,synthetic,2024-06-04,Aaj subah Numaligarh Refinery pe inspection mein permit to work missing mila pump maintenance area ke pass. compressor chalte hue bhi koi safety arrangement nahi tha.,synthetic_hinglish,near_miss,oil_gas,Baghjan Well,,,211,hinglish
syn_0083,synthetic,2024-05-24,Worker ne report kiya ki Baghjan Well pe scaffolding erection mein guardrail bypass kiya ja raha hai. valve ke saath kaam karte waqt ye bahut risky hai.,synthetic_hinglish,serious,oil_gas,Rudrasagar Field,,,211,hinglish
syn_0084,synthetic,2024-06-06,Worker ne report kiya ki Rudrasagar Field pe pump maintenance mein guardrail bypass kiya ja raha hai. grinding machine ke saath kaam karte waqt ye bahut risky hai.,synthetic_hinglish,near_miss,oil_gas,Numaligarh Refinery,,,211,hinglish
syn_0085,synthetic,2024-09-10,Baghjan Well mein compressor overhaul ke dauran scaffolding ka exclusion zone nahi tha. Koi injury nahi hui lekin bahut khatarnak situation thi. Supervisor ko turant bataya.,synthetic_hinglish,near_miss,oil_gas,Baghjan Well,,,211,hinglish
syn_0086,synthetic,2024-08-16,Near miss report: Lakwa Field mein grinding machine girte girte bacha. barricade damaged tha. Bahut serious ho sakta tha. PTW check karna zaroori hai.,synthetic_hinglish,minor,oil_gas,Nazira OCS,,,211,hinglish
syn_0087,synthetic,2024-07-16,Unsafe condition: Naharkatiya Field pe buddy system missing paya gaya. compressor bina proper support ke use ho raha tha. workover area mein bahut risk tha.,synthetic_hinglish,near_miss,oil_gas,Moran Field,,,211,hinglish
syn_0088,synthetic,2024-02-08,Lakwa Field mein raat ki shift ke dauran workover ke time scaffolding se gas leak hua. gas detector damaged tha. Emergency evacuation kiya gaya.,synthetic_hinglish,minor,oil_gas,Moran Field,,,211,hinglish
syn_0089,synthetic,2024-08-15,Worker ne report kiya ki Jorhat Workshop pe hydrotesting mein permit to work bypass kiya ja raha hai. hose ke saath kaam karte waqt ye bahut risky hai.,synthetic_hinglish,serious,oil_gas,Numaligarh Refinery,,,211,hinglish
syn_0090,synthetic,2024-04-21,Jorhat Workshop mein raat ki shift ke dauran pump maintenance ke time generator se gas leak hua. safety harness damaged tha. Emergency evacuation kiya gaya.,synthetic_hinglish,near_miss,oil_gas,Digboi Refinery,,,211,hinglish
syn_0091,synthetic,2024-02-06,Lakwa Field pe crane lifting ke time pipe se sparking hui. permit to work not used tha. Fire watch nahi tha. Kaam turant band karaya gaya.,synthetic_hinglish,no_injury,oil_gas,Duliajan Field,,,211,hinglish
syn_0092,synthetic,2024-05-23,hydrotesting ke dauran Nazira OCS mein ek worker ko pressure gauge se chot lagte lagte bachi. PPE lagaya nahi tha. Bahut close call tha.,synthetic_hinglish,near_miss,oil_gas,Numaligarh Refinery,,,211,hinglish
syn_0093,synthetic,2024-09-08,Aaj subah Moran Field pe inspection mein guardrail expired mila valve replacement area ke pass. compressor chalte hue bhi koi safety arrangement nahi tha.,synthetic_hinglish,near_miss,oil_gas,Lakwa Field,,,211,hinglish
syn_0094,synthetic,2024-10-24,Near miss report: Numaligarh Refinery mein welding machine girte girte bacha. safety harness not used tha. Bahut serious ho sakta tha. PTW check karna zaroori hai.,synthetic_hinglish,minor,oil_gas,Rudrasagar Field,,,211,hinglish
syn_0095,synthetic,2024-05-17,Nazira OCS pe pipeline welding ke time fire extinguisher se sparking hui. PPE removed tha. Fire watch nahi tha. Kaam turant band karaya gaya.,synthetic_hinglish,serious,oil_gas,Geleki Field,,,211,hinglish
syn_0096,synthetic,2024-10-09,Aaj subah Nazira OCS pe inspection mein safety harness expired mila crane lifting area ke pass. hose chalte hue bhi koi safety arrangement nahi tha.,synthetic_hinglish,minor,oil_gas,Duliajan Field,,,211,hinglish
syn_0097,synthetic,2024-10-02,"Aaj Digboi Refinery pe pig launching ho raha tha, generator ke paas barricade removed mila. Worker ne kaam rok diya aur safety officer ko inform kiya.",synthetic_hinglish,minor,oil_gas,Naharkatiya Field,,,211,hinglish
syn_0098,synthetic,2024-11-27,Aaj subah Geleki Field pe inspection mein safety net damaged mila chemical injection area ke pass. compressor chalte hue bhi koi safety arrangement nahi tha.,synthetic_hinglish,serious,oil_gas,Nazira OCS,,,211,hinglish
syn_0099,synthetic,2024-03-11,"Aaj Nazira OCS pe cementing job ho raha tha, safety harness ke paas emergency shutdown bypassed mila. Worker ne kaam rok diya aur safety officer ko inform kiya.",synthetic_hinglish,near_miss,oil_gas,Jorhat Workshop,,,211,hinglish
syn_0100,synthetic,2024-06-09,অসুৰক্ষিত কাম: Numaligarh Refinery ত শ্ৰমিকে safety harness নোহোৱাকৈ perforation কৰি আছিল। electrical panel অসুৰক্ষিত অৱস্থাত আছিল।,synthetic_assamese,near_miss,oil_gas,Tengakhat OCS,,,211,as
syn_0101,synthetic,2024-04-17,Jorhat Workshop ত gas flaring কৰোঁতে crane ৰ ventilation fan নাছিল। কোনো আঘাত হোৱা নাই কিন্তু বহুত বিপদজনক অৱস্থা আছিল।,synthetic_assamese,near_miss,oil_gas,Tengakhat OCS,,,211,as
syn_0102,synthetic,2024-05-15,Nazira OCS ত chemical injection ৰ সময়ত forklift ৰ পৰা গেছ লিক হ'ল। guardrail bypassed আছিল। জৰুৰীকালীন নিষ্কাশন কৰা হ'ল।,synthetic_assamese,near_miss,oil_gas,Baghjan Well,,,211,as
syn_0103,synthetic,2024-05-18,অসুৰক্ষিত কাম: Moran Field ত শ্ৰমিকে permit to work নোহোৱাকৈ drilling operation কৰি আছিল। hose অসুৰক্ষিত অৱস্থাত আছিল।,synthetic_assamese,near_miss,oil_gas,Duliajan Field,,,211,as
syn_0104,synthetic,2024-11-27,Jorhat Workshop ত crane lifting ৰ সময়ত pump ৰ পৰা গেছ লিক হ'ল। fire watch expired আছিল। জৰুৰীকালীন নিষ্কাশন কৰা হ'ল।,synthetic_assamese,near_miss,oil_gas,Naharkatiya Field,,,211,as
syn_0105,synthetic,2024-08-08,অসুৰক্ষিত কাম: Baghjan Well ত শ্ৰমিকে exclusion zone নোহোৱাকৈ pump maintenance কৰি আছিল। gas cylinder অসুৰক্ষিত অৱস্থাত আছিল।,synthetic_assamese,minor,oil_gas,Nazira OCS,,,211,as
syn_0106,synthetic,2024-07-11,Naharkatiya Field ত perforation ৰ সময়ত valve ৰ পৰা গেছ লিক হ'ল। gas detector missing আছিল। জৰুৰীকালীন নিষ্কাশন কৰা হ'ল।,synthetic_assamese,serious,oil_gas,Geleki Field,,,211,as
syn_0107,synthetic,2024-09-16,Near miss: Duliajan Field ত BOP stack প্ৰায় পৰি গৈছিল। buddy system not used আছিল। অতি গুৰুতৰ হ'ব পাৰিলেহেঁতেন।,synthetic_assamese,minor,oil_gas,Tengakhat OCS,,,211,as
syn_0108,synthetic,2024-12-08,Near miss: Geleki Field ত H2S detector প্ৰায় পৰি গৈছিল। ventilation fan bypassed আছিল। অতি গুৰুতৰ হ'ব পাৰিলেহেঁতেন।,synthetic_assamese,near_miss,oil_gas,Rudrasagar Field,,,211,as
syn_0109,synthetic,2024-12-26,অসুৰক্ষিত কাম: Digboi Refinery ত শ্ৰমিকে emergency shutdown নোহোৱাকৈ wireline logging কৰি আছিল। forklift অসুৰক্ষিত অৱস্থাত আছিল।,synthetic_assamese,minor,oil_gas,Jorhat Workshop,,,211,as
syn_0110,synthetic,2024-02-28,অসুৰক্ষিত কাম: Lakwa Field ত শ্ৰমিকে safety harness নোহোৱাকৈ hot tapping কৰি আছিল। pressure gauge অসুৰক্ষিত অৱস্থাত আছিল।,synthetic_assamese,serious,oil_gas,Nazira OCS,,,211,as
syn_0111,synthetic,2024-02-16,Geleki Field ত chemical injection কৰোঁতে crane ৰ gas detector নাছিল। কোনো আঘাত হোৱা নাই কিন্তু বহুত বিপদজনক অৱস্থা আছিল।,synthetic_assamese,near_miss,oil_gas,Numaligarh Refinery,,,211,as
syn_0112,synthetic,2024-06-21,Near miss: Rudrasagar Field ত welding machine প্ৰায় পৰি গৈছিল। emergency shutdown removed আছিল। অতি গুৰুতৰ হ'ব পাৰিলেহেঁতেন।,synthetic_assamese,minor,oil_gas,Baghjan Well,,,211,as
syn_0113,synthetic,2024-04-24,অসুৰক্ষিত কাম: Geleki Field ত শ্ৰমিকে LOTO lock নোহোৱাকৈ workover কৰি আছিল। hose অসুৰক্ষিত অৱস্থাত আছিল।,synthetic_assamese,serious,oil_gas,Moran Field,,,211,as
syn_0114,synthetic,2024-01-02,অসুৰক্ষিত কাম: Moran Field ত শ্ৰমিকে safety net নোহোৱাকৈ pipeline welding কৰি আছিল। fire extinguisher অসুৰক্ষিত অৱস্থাত আছিল।,synthetic_assamese,serious,oil_gas,Tengakhat OCS,,,211,as
syn_0115,synthetic,2024-09-14,Numaligarh Refinery ত cementing job কৰোঁতে lifting sling ৰ fire suppression system নাছিল। কোনো আঘাত হোৱা নাই কিন্তু বহুত বিপদজনক অৱস্থা আছিল।,synthetic_assamese,near_miss,oil_gas,Rudrasagar Field,,,211,as
syn_0116,synthetic,2024-08-19,Naharkatiya Field ত আজি scaffolding erection ৰ সময়ত welding machine ৰ ওচৰত grounding cable damaged পোৱা গ'ল। কামটো বন্ধ কৰা হ'ল।,synthetic_assamese,near_miss,oil_gas,Naharkatiya Field,,,211,as
syn_0117,synthetic,2024-08-10,Nazira OCS ত আজি cable laying ৰ সময়ত fire extinguisher ৰ ওচৰত exclusion zone removed পোৱা গ'ল। কামটো বন্ধ কৰা হ'ল।,synthetic_assamese,near_miss,oil_gas,Lakwa Field,,,211,as
syn_0118,synthetic,2024-11-14,Naharkatiya Field ত crane lifting ৰ সময়ত fire extinguisher ৰ পৰা গেছ লিক হ'ল। pressure relief valve damaged আছিল। জৰুৰীকালীন নিষ্কাশন কৰা হ'ল।,synthetic_assamese,serious,oil_gas,Baghjan Well,,,211,as
syn_0119,synthetic,2024-04-13,Near miss: Nazira OCS ত valve প্ৰায় পৰি গৈছিল। grounding cable expired আছিল। অতি গুৰুতৰ হ'ব পাৰিলেহেঁতেন।,synthetic_assamese,near_miss,oil_gas,Rudrasagar Field,,,211,as
syn_0120,synthetic,2024-10-28,crane lifted without rigging plan at Baghjan Well. grounding cable was bypassed. Load swung and nearly struck worker during pump maintenance.,synthetic_iogp_safe_mechanical_lifting,serious,oil_gas,Lakwa Field,,,211,en
syn_0121,synthetic,2024-04-20,"During valve replacement inside vessel at Numaligarh Refinery, oxygen levels dropped below safe limit. pressure relief valve was not used. Worker extracted by colleague. Near fatal.",synthetic_iogp_confined_space,near_miss,oil_gas,Numaligarh Refinery,,,211,en
syn_0122,synthetic,2024-06-24,Worker on scaffolding at Lakwa Field during workover without ventilation fan. Height approximately 8 meters. BOP stack passed up without tag line. Drop zone not barricaded.,synthetic_iogp_working_at_height,near_miss,oil_gas,Naharkatiya Field,,,211,en
syn_0123,synthetic,2024-06-17,Worker found performing wireline logging on live pipe at Tengakhat OCS. Isolation tag was not used. Potential electrocution or stored energy release.,synthetic_iogp_energy_isolation,near_miss,oil_gas,Geleki Field,,,211,en
syn_0124,synthetic,2024-02-05,"During BOP testing at Numaligarh Refinery, two fitters positioned directly under suspended BOP stack. No emergency shutdown in exclusion zone. Crane operator unaware of personnel below.",synthetic_iogp_line_of_fire,serious,oil_gas,Digboi Refinery,,,211,en
syn_0125,synthetic,2024-08-12,Driver operating vehicle at Moran Field while using mobile phone. exclusion zone damaged. Near collision with crane during perforation.,synthetic_iogp_driving,serious,oil_gas,Lakwa Field,,,211,en
syn_0126,synthetic,2024-10-18,Worker in line of fire during cementing job at Lakwa Field. Pressurized grinding machine being serviced without depressurization. permit to work was expired.,synthetic_iogp_line_of_fire,serious,oil_gas,Tengakhat OCS,,,211,en
syn_0127,synthetic,2024-01-02,Welding on BOP stack at Lakwa Field during chemical injection without valid hot work permit. fire suppression system was missing. Flammable vapors detected in area.,synthetic_iogp_hot_work,serious,oil_gas,Numaligarh Refinery,,,211,en
syn_0128,synthetic,2024-06-22,Safety interlock on electrical panel at Moran Field deliberately bypassed during valve replacement to maintain production. gas detector was expired. Management notified.,synthetic_iogp_bypassing_safety_controls,serious,oil_gas,Baghjan Well,,,211,en
syn_0129,synthetic,2024-07-09,Expired permit found at Rudrasagar Field for ongoing hot tapping. fire watch was expired. safety harness work continued without re-authorization.,synthetic_iogp_work_authorisation,near_miss,oil_gas,Duliajan Field,,,211,en
syn_0130,synthetic,2024-06-18,Crane lifting pump at Nazira OCS during chemical injection. Sling certification expired. pressure relief valve was missing. Load capacity not verified. Rigger not certified.,synthetic_iogp_safe_mechanical_lifting,near_miss,oil_gas,Lakwa Field,,,211,en
syn_0131,synthetic,2024-11-07,Crane lifting valve at Jorhat Workshop during cable laying. Sling certification expired. fire watch was expired. Load capacity not verified. Rigger not certified.,synthetic_iogp_safe_mechanical_lifting,serious,oil_gas,Lakwa Field,,,211,en
syn_0132,synthetic,2024-04-19,Worker entered scaffolding tank at Tengakhat OCS for valve replacement without gas testing or standby person. guardrail was missing. Rescue plan not in place.,synthetic_iogp_confined_space,near_miss,oil_gas,Digboi Refinery,,,211,en
syn_0133,synthetic,2024-09-09,Fire watch absent during hydrotesting involving crane at Naharkatiya Field. exclusion zone was not used. Sparks fell on oily rags below — extinguished quickly.,synthetic_iogp_hot_work,serious,oil_gas,Naharkatiya Field,,,211,en
syn_0134,synthetic,2024-01-06,Maintenance on lifting sling at Naharkatiya Field started before LOTO was applied. permit to work was damaged. lifting sling unexpectedly energized during drilling operation.,synthetic_iogp_energy_isolation,serious,oil_gas,Numaligarh Refinery,,,211,en
syn_0135,synthetic,2024-08-15,Worker entered gas cylinder tank at Baghjan Well for wireline logging without gas testing or standby person. fire watch was removed. Rescue plan not in place.,synthetic_iogp_confined_space,serious,oil_gas,Tengakhat OCS,,,211,en
syn_0136,synthetic,2024-09-10,Work started on pump at Nazira OCS without valid PTW during gas flaring. safety harness was removed. Simultaneous operations conflict not identified.,synthetic_iogp_work_authorisation,near_miss,oil_gas,Nazira OCS,,,211,en
syn_0137,synthetic,2024-08-03,Worker entered safety harness tank at Nazira OCS for perforation without gas testing or standby person. fire watch was expired. Rescue plan not in place.,synthetic_iogp_confined_space,near_miss,oil_gas,Moran Field,,,211,en
syn_0138,synthetic,2024-09-10,Crane lifting compressor at Moran Field during hot tapping. Sling certification expired. emergency shutdown was expired. Load capacity not verified. Rigger not certified.,synthetic_iogp_safe_mechanical_lifting,near_miss,oil_gas,Nazira OCS,,,211,en
syn_0139,synthetic,2024-04-14,Expired permit found at Moran Field for ongoing pipeline welding. guardrail was expired. electrical panel work continued without re-authorization.,synthetic_iogp_work_authorisation,serious,oil_gas,Tengakhat OCS,,,211,en
syn_0140,synthetic,2024-05-12,Worker disabled alarm on drill string at Jorhat Workshop during pipeline welding because it was 'nuisance tripping'. fire suppression system was bypassed. High SIF potential.,synthetic_iogp_bypassing_safety_controls,near_miss,oil_gas,Naharkatiya Field,,,211,en
syn_0141,synthetic,2024-12-12,Safety interlock on welding machine at Moran Field deliberately bypassed during crane lifting to maintain production. fire suppression system was missing. Management notified.,synthetic_iogp_bypassing_safety_controls,near_miss,oil_gas,Naharkatiya Field,,,211,en
syn_0142,synthetic,2024-07-12,Work started on electrical panel at Rudrasagar Field without valid PTW during compressor overhaul. emergency shutdown was removed. Simultaneous operations conflict not identified.,synthetic_iogp_work_authorisation,serious,oil_gas,Lakwa Field,,,211,en
syn_0143,synthetic,2024-09-07,Vehicle reversing without banksman at Numaligarh Refinery during hydrotesting. pressure relief valve was missing. Nearly struck worker standing behind. Speed limit exceeded.,synthetic_iogp_driving,near_miss,oil_gas,Naharkatiya Field,,,211,en
syn_0144,synthetic,2024-10-08,Safety interlock on electrical panel at Moran Field deliberately bypassed during cementing job to maintain production. pressure relief valve was missing. Management notified.,synthetic_iogp_bypassing_safety_controls,serious,oil_gas,Jorhat Workshop,,,211,en
syn_0145,synthetic,2024-05-11,Work started on crane at Rudrasagar Field without valid PTW during cable laying. safety net was bypassed. Simultaneous operations conflict not identified.,synthetic_iogp_work_authorisation,near_miss,oil_gas,Tengakhat OCS,,,211,en
syn_0146,synthetic,2024-11-01,Worker entered H2S detector tank at Naharkatiya Field for pig launching without gas testing or standby person. LOTO lock was not used. Rescue plan not in place.,synthetic_iogp_confined_space,near_miss,oil_gas,Moran Field,,,211,en
syn_0147,synthetic,2024-05-24,Work started on fire extinguisher at Jorhat Workshop without valid PTW during wireline logging. emergency shutdown was not used. Simultaneous operations conflict not identified.,synthetic_iogp_work_authorisation,serious,oil_gas,Tengakhat OCS,,,211,en
syn_0148,synthetic,2024-05-15,Maintenance on hose at Naharkatiya Field started before LOTO was applied. safety harness was removed. hose unexpectedly energized during scaffolding erection.,synthetic_iogp_energy_isolation,serious,oil_gas,Lakwa Field,,,211,en
syn_0149,synthetic,2024-02-12,Driver operating vehicle at Rudrasagar Field while using mobile phone. exclusion zone not used. Near collision with safety harness during chemical injection.,synthetic_iogp_driving,near_miss,oil_gas,Jorhat Workshop,,,211,en
